"model_id","reference_date","wis","ae_median","interval_coverage_50","interval_coverage_95","wis_relative_skill","wis_scaled_relative_skill","ae_median_relative_skill","ae_median_scaled_relative_skill"
"CADPH-FluCAT_Ensemble",2024-11-30,225.582259455394,411.602117217069,0.75,1,0.478052469753933,0.384546552855748,0.609045897983551,0.479689404732483
"CADPH-FluCAT_Ensemble",2024-12-07,389.653421284732,752.272197694842,0.5,1,0.507653469619876,0.410887714771348,0.717112413520573,0.595411589731131
"CADPH-FluCAT_Ensemble",2024-12-14,528.145528373982,1004.52323008287,0.5,1,0.539719856082986,0.434668830454292,0.753551576097025,0.645542951480712
"CADPH-FluCAT_Ensemble",2024-12-21,547.513586367615,1037.1463581374,0.333333333333333,1,0.590977351994535,0.448912557427417,0.806861886195818,0.679940136278211
"CADPH-FluCAT_Ensemble",2024-12-28,417.809642951443,690.64722134475,0.5,1,0.622436886253674,0.494815687837295,0.725445043942997,0.644347592834684
"CADPH-FluCAT_Ensemble",2025-01-04,105.787715787084,160.00158844615,1,1,0.388209389663559,0.358241060799217,0.526322850845644,0.548986917201626
"CEPH-Rtrend_fluH",2024-11-30,47.0552090301003,72.1442307692308,0.413461538461538,0.860576923076923,0.667546673036252,0.536976144310155,0.749735715306891,0.590497826474086
"CEPH-Rtrend_fluH",2024-12-07,103.484669732441,146.341346153846,0.221153846153846,0.701923076923077,0.806389566365247,0.652680590142277,0.873839574649582,0.72554065513629
"CEPH-Rtrend_fluH",2024-12-14,171.021183110368,219.125,0.0721153846153846,0.432692307692308,0.80180701444933,0.645743367216696,0.813259487497708,0.696692763351563
"CEPH-Rtrend_fluH",2024-12-21,165.815855629877,206.50641025641,0.141025641025641,0.423076923076923,0.738633215891405,0.561073490934242,0.71727719177403,0.604447378006061
"CEPH-Rtrend_fluH",2024-12-28,266.326329431438,313.105769230769,0.0288461538461538,0.115384615384615,1.03704939832854,0.824418222454211,0.96280637126763,0.855174313853251
"CEPH-Rtrend_fluH",2025-01-04,136.399765886288,174.442307692308,0.153846153846154,0.480769230769231,0.809474418046574,0.746985987284209,0.783116316007017,0.816838203859535
"CMU-TimeSeries",2024-11-30,57.7878647055211,79.2245548946105,0.798076923076923,0.947115384615385,0.818985568269154,0.65879395472764,0.825299846231485,0.650012738408235
"CMU-TimeSeries",2024-12-07,94.0329772876755,153.029136819314,0.668269230769231,0.908653846153846,0.731720498860021,0.592244477030899,0.917233680444638,0.761570366837346
"CMU-TimeSeries",2024-12-14,166.398782358915,263.019251027166,0.418269230769231,0.826923076923077,0.781915950118589,0.629723897909262,0.980475869517103,0.839941560393198
"CMU-TimeSeries",2024-12-21,208.732928213504,315.178829785098,0.198717948717949,0.769230769230769,0.934679662176146,0.70999241528763,1.10006501163846,0.927021546965005
"CMU-TimeSeries",2024-12-28,243.711581861856,346.734635288619,0.0673076923076923,0.721153846153846,0.936939561973509,0.744834382503081,1.06109235320558,0.942472912692515
"CMU-TimeSeries",2025-01-04,162.060840695496,224.040828037131,0.173076923076923,0.769230769230769,0.963254623326529,0.888894929561871,1.00031520411853,1.0433899255117
"CMU-climate_baseline",2024-11-30,72.0979677635531,93.5236295245005,0.754807692307692,0.980769230769231,1.04147470947298,0.837764753355263,0.98175815230937,0.773240547603628
"CMU-climate_baseline",2024-12-07,106.735513792326,155.694642348069,0.6875,0.951923076923077,0.824675493542897,0.667480967328954,0.926149170042857,0.768972812722847
"CMU-climate_baseline",2024-12-14,173.504073036367,259.725814909014,0.567307692307692,0.850961538461538,0.811719087149553,0.653726154952638,0.967798877598887,0.829081596671579
"CMU-climate_baseline",2024-12-21,203.823550740161,309.876137030056,0.474358974358974,0.807692307692308,0.911842461787559,0.692645039797989,1.08481597046769,0.914171224860123
"CMU-climate_baseline",2024-12-28,251.84246684031,391.497456138963,0.298076923076923,0.740384615384615,1.00068704378059,0.795511414592425,1.23342676990852,1.09554207691418
"CMU-climate_baseline",2025-01-04,355.757721257711,506.454361511573,0.0384615384615385,0.442307692307692,2.18217260566468,2.01371695253895,2.33938231159957,2.44011880034771
"CU-ensemble",2024-11-30,55.5051734949833,77.6875,0.528846153846154,0.870192307692308,0.792393631489756,0.637403337025071,0.812299409606338,0.63977349087923
"CU-ensemble",2024-12-07,122.603432274247,160.197115384615,0.298076923076923,0.697115384615385,0.961538661419528,0.778256127257054,0.963076812098803,0.799633481325152
"CU-ensemble",2024-12-14,218.151893812709,273.504807692308,0.129807692307692,0.485576923076923,1.02553496297035,0.825924927386344,1.01928067997046,0.873184370396268
"CU-ensemble",2024-12-21,246.158768115942,309.25,0.121794871794872,0.442307692307692,1.10658870807405,0.840576318678313,1.08350870856562,0.913069599103533
"CU-ensemble",2024-12-28,262.342901337793,349.394230769231,0.0384615384615385,0.432692307692308,1.01111711489319,0.803802958563786,1.072735271909,0.95281427032223
"CU-ensemble",2025-01-04,175.907617056856,259.884615384615,0.153846153846154,0.653846153846154,1.05960526198799,0.977807655327413,1.18356553669598,1.23453122784397
"FluSight-baseline",2024-11-30,87.1973515886288,121.879807692308,0.201923076923077,0.822115384615385,1.24315890027822,1,1.26966718875771,1
"FluSight-baseline",2024-12-07,157.924734531773,200.629807692308,0.100961538461538,0.663461538461538,1.23550413256424,1,1.20439780798422,1
"FluSight-baseline",2024-12-14,263.897510451505,312.995192307692,0.0288461538461538,0.413461538461538,1.2416806043325,1,1.16731438917979,1
"FluSight-baseline",2024-12-21,293.722547380156,339.75,0.0128205128205128,0.288461538461538,1.31646429180161,1,1.18666606535737,1
"FluSight-baseline",2024-12-28,326.114644648829,368.778846153846,0.0384615384615385,0.134615384615385,1.25791663755484,1,1.1258597874969,1
"FluSight-baseline",2025-01-04,183.679548494983,215.461538461538,0.0576923076923077,0.269230769230769,1.08365408699238,1,0.958716563827226,1
"FluSight-ensemble",2024-11-30,66.7904159698997,95.0288461538462,0.322115384615385,0.759615384615385,0.944159548518756,0.75948420455941,0.984346632389591,0.775279255150882
"FluSight-ensemble",2024-12-07,134.321548913043,172.307692307692,0.177884615384615,0.576923076923077,1.04559939559648,0.846293725805985,1.03147723466671,0.856425699074525
"FluSight-ensemble",2024-12-14,222.804644648829,273.403846153846,0.0865384615384615,0.350961538461538,1.04204850458018,0.839224274700149,1.01701742736267,0.871245516023558
"FluSight-ensemble",2024-12-21,232.505373467113,295.75,0.0833333333333333,0.320512820512821,1.03540257226021,0.786502587809078,1.02983812350398,0.867841555066161
"FluSight-ensemble",2024-12-28,265.578248327759,328.471153846154,0.0384615384615385,0.201923076923077,1.01627094922591,0.807900077704161,1.00271727443005,0.890623579921412
"FluSight-ensemble",2025-01-04,149.899623745819,210.115384615385,0.173076923076923,0.576923076923077,0.883274656673212,0.815089120481876,0.932156489253751,0.972296218115345
"FluSight-lop_norm",2024-11-30,61.0424268394649,97.5673076923077,0.408653846153846,0.951923076923077,0.864323198552472,0.695263653229715,1.01044111812833,0.795831480151098
"FluSight-lop_norm",2024-12-07,113.927886705686,174.721153846154,0.235576923076923,0.846153846153846,0.885495458229569,0.716707807679899,1.0444172647364,0.867169682485909
"FluSight-lop_norm",2024-12-14,187.63718645485,276.730769230769,0.134615384615385,0.783653846153846,0.87729565637016,0.706538906470054,1.02846972569637,0.881056324868081
"FluSight-lop_norm",2024-12-21,203.481741917503,295.730769230769,0.115384615384615,0.705128205128205,0.90732402179991,0.689212785679296,1.03008259143829,0.868047567474745
"FluSight-lop_norm",2024-12-28,238.873386287625,332.403846153846,0.0480769230769231,0.519230769230769,0.918370349629583,0.73007250418019,1.01841122359414,0.904563103597789
"FluSight-lop_norm",2025-01-04,144.467274247492,226.288461538462,0.192307692307692,0.846153846153846,0.86190494464878,0.79536907117745,1.01076143529124,1.05428598339456
"FluSight-trained_mean",2025-01-04,124.743190329747,186.179916719459,0.211538461538462,0.788461538461538,0.73801198581646,0.681040190476989,0.812501241647772,0.847488478142322
"FluSight-trained_med",2025-01-04,146.841712952224,210.254782237644,0.211538461538462,0.615384615384615,0.871271607787405,0.804012662569811,0.939804344688077,0.980273398987026
"Gatech-ensemble_point",2024-11-30,99.4073306856187,123.125,0.134615384615385,0.461538461538462,1.40850969270323,1.13300857387419,1.28011875193921,1.00823173448447
"Gatech-ensemble_point",2024-12-07,169.61706312709,199.134615384615,0.1875,0.432692307692308,1.32391719261116,1.07156031106381,1.19378784104447,0.991190645757226
"Gatech-ensemble_point",2024-12-14,272.255110785953,309.908653846154,0.100961538461538,0.264423076923077,1.27791865418564,1.02918467899611,1.15471652629877,0.989207823532555
"Gatech-ensemble_point",2024-12-21,281.754601449275,326.929487179487,0.0897435897435897,0.217948717948718,1.26235468064485,0.958897775280551,1.14231007217102,0.962621335115878
"Gatech-ensemble_point",2024-12-28,284.617111204013,334.663461538462,0.0288461538461538,0.192307692307692,1.08363754756304,0.861454181629585,1.01729170246655,0.903568733659338
"Gatech-ensemble_point",2025-01-04,132.569096989967,174.480769230769,0.153846153846154,0.5,0.767254528435963,0.708025316976778,0.751127253957261,0.783471656063537
"Gatech-ensemble_prob",2024-11-30,116.201258361204,134.745192307692,0.0961538461538462,0.302884615384615,1.66218655161049,1.33706684739858,1.41365848797796,1.11340869520393
"Gatech-ensemble_prob",2024-12-07,217.244466973244,238.144230769231,0.0288461538461538,0.115384615384615,1.69666257906137,1.37325528449672,1.42840183005197,1.18598840066195
"Gatech-ensemble_prob",2024-12-14,338.211975334448,362.932692307692,0.0144230769230769,0.0817307692307692,1.59278573924515,1.2827660621319,1.35598258286404,1.16162586140724
"Gatech-ensemble_prob",2024-12-21,339.696722408027,371.608974358974,0.0897435897435897,0.205128205128205,1.52656339692794,1.15959347050637,1.30174822617049,1.09697939814135
"Gatech-ensemble_prob",2024-12-28,450.535714882943,476.278846153846,0.00961538461538462,0.0480769230769231,1.78994831079285,1.42294668609534,1.49111362507885,1.3244221364314
"Gatech-ensemble_prob",2025-01-04,226.018419732441,265.769230769231,0.134615384615385,0.269230769230769,1.32735328990674,1.22488652591228,1.18460839370469,1.23561899147303
"ISU_NiemiLab-GPE",2024-11-30,27.7170793563976,33.9521253420942,0.346153846153846,0.711538461538462,0.936594530473873,0.753398885906106,0.889240601548421,0.700372987049061
"ISU_NiemiLab-GPE",2024-12-07,80.6697824234443,116.156816953373,0.317307692307692,0.706730769230769,0.622707887102248,0.504011173001781,0.68728417765281,0.57064549029951
"ISU_NiemiLab-GPE",2024-12-14,180.614617726006,247.625892391326,0.317307692307692,0.615384615384615,0.852908008670053,0.686898068387367,0.928601115424886,0.795502157801179
"ISU_NiemiLab-GPE",2024-12-21,206.684503364571,253.87957804305,0.0641025641025641,0.358974358974359,0.926690753710142,0.703923957133652,0.885393079040324,0.746118141310197
"ISU_NiemiLab-GPE",2024-12-28,262.930879079935,309.167964938427,0.0480769230769231,0.173076923076923,1.01576960433839,0.807501525945995,0.949254734054203,0.843137613223276
"ISU_NiemiLab-GPE",2025-01-04,132.871165108507,178.25395281519,0.288461538461538,0.634615384615385,0.77383264418226,0.714095626520438,0.777900901329766,0.811398207437203
"JHUAPL-DMD",2024-11-30,62.7054114596833,106.068920598788,0.644230769230769,0.985576923076923,0.891522929806316,0.717143182264786,1.09986066293336,0.866259026516629
"JHUAPL-DMD",2024-12-07,93.8456407480574,158.217554649827,0.471153846153846,0.990384615384615,0.730176128095621,0.590994484640186,0.948894572721413,0.787858103386589
"JHUAPL-DMD",2024-12-14,140.662373478949,223.16474007862,0.341346153846154,0.961538461538462,0.653161600546592,0.526030283687742,0.825033749930335,0.706779388293195
"JHUAPL-DMD",2024-12-21,141.943669295734,212.268042708417,0.262820512820513,0.846153846153846,0.624811041332277,0.474612980559624,0.728108674419748,0.613575036546171
"JHUAPL-DMD",2024-12-28,181.350620589585,265.397080114779,0.125,0.634615384615385,0.685021074094163,0.544567941660841,0.789487531179169,0.701230774867995
"JHUAPL-DMD",2025-01-04,127.164510801344,190.210262425769,0.480769230769231,0.884615384615385,0.796985593629827,0.735461253915271,0.889365383560861,0.927662478272501
"JHU_CSSE-CSSE_Ensemble",2024-11-30,68.660884349247,94.5763888888889,0.377450980392157,0.779411764705882,1.04077024530872,0.837198080692491,1.02975809202738,0.811045682794192
"JHU_CSSE-CSSE_Ensemble",2024-12-07,148.49757249929,178.714869281046,0.284313725490196,0.524509803921569,1.17068565218331,0.947536816209271,1.07926901328446,0.896106756529901
"JHU_CSSE-CSSE_Ensemble",2024-12-14,282.406820911481,314.385620915033,0.0441176470588235,0.176470588235294,1.32722842564403,1.0688968008464,1.17442778235826,1.00609381092567
"JHU_CSSE-CSSE_Ensemble",2024-12-21,237.093672132235,286.235838779956,0.065359477124183,0.222222222222222,1.05105149804719,0.798389674974627,0.994301676751747,0.83789509599932
"JHU_CSSE-CSSE_Ensemble",2025-01-04,108.288881500426,150.359477124183,0.568627450980392,0.882352941176471,0.722191824878164,0.666441287443084,0.719046049896802,0.750008998516045
"LUcompUncertLab-chimera",2024-11-30,83.3346571906355,103.995192307692,0.192307692307692,0.504807692307692,1.1817244797364,0.950582004820077,1.08276940742992,0.85279781742595
"LUcompUncertLab-chimera",2024-12-07,171.515765050167,197.745192307692,0.168269230769231,0.418269230769231,1.34436041567437,1.08810677377842,1.18958590220026,0.987701816056314
"LUcompUncertLab-chimera",2024-12-14,299.777385033445,328.985576923077,0.105769230769231,0.269230769230769,1.41403949709144,1.1388109729326,1.23066534094436,1.0542706852171
"LUcompUncertLab-chimera",2024-12-21,208.910170011148,262.634615384615,0.224358974358974,0.506410256410256,0.907374737737434,0.689251310034145,0.893446782589084,0.752904973582454
"LUcompUncertLab-chimera",2024-12-28,315.557658862876,387.009615384615,0.0480769230769231,0.307692307692308,1.24851643937901,0.992527169213616,1.20949527296535,1.07428588035318
"LUcompUncertLab-chimera",2025-01-04,294.066086956522,380.326923076923,0.0576923076923077,0.326923076923077,1.78543081060902,1.64760215648185,1.736620450829,1.81140132167567
"LosAlamos_NAU-CModel_Flu",2024-12-14,152.194006427676,220.526442307692,0.278846153846154,0.706730769230769,0.713376307490178,0.574524805333231,0.818265242456921,0.70098102965378
"LosAlamos_NAU-CModel_Flu",2024-12-21,174.752562555741,255.871794871795,0.217948717948718,0.67948717948718,0.781654928267843,0.593753232150437,0.891460567387813,0.751231195879311
"LosAlamos_NAU-CModel_Flu",2024-12-28,206.513733047659,314.033653846154,0.115384615384615,0.586538461538462,0.821879771569449,0.653365848763266,0.982304436393873,0.872492691632417
"LosAlamos_NAU-CModel_Flu",2025-01-04,195.050410702341,314.067307692308,0.134615384615385,0.826923076923077,1.18919205368614,1.09739082605841,1.43760180249521,1.499506586969
"MIGHTE-Joint",2024-11-30,60.4082650501672,80.0432692307692,0.302884615384615,0.682692307692308,0.853894744872727,0.686874980086313,0.828145037012477,0.652253633349984
"MIGHTE-Joint",2024-12-07,119.142347408027,148.514423076923,0.197115384615385,0.591346153846154,0.923174719502723,0.747204881934885,0.883181092352803,0.733296828089523
"MIGHTE-Joint",2024-12-14,216.771622073579,254.990384615385,0.115384615384615,0.360576923076923,1.01422954775986,0.816819997204585,0.945473970021408,0.809956579637251
"MIGHTE-Joint",2024-12-21,241.212394091416,282.320512820513,0.0961538461538462,0.275641025641026,1.08169159662899,0.821664213275907,0.985213035729895,0.83023612496511
"MIGHTE-Joint",2024-12-28,291.359966555184,326.086538461538,0.0384615384615385,0.105769230769231,1.13830538176874,0.904913209496458,1.00617937662759,0.893698653954593
"MIGHTE-Joint",2025-01-04,149.113419732441,216.75,0.115384615384615,0.634615384615385,0.889121448203576,0.820484561333847,0.977787238884206,1.01989188022459
"MIGHTE-Nsemble",2024-11-30,56.1058298494983,75.5192307692308,0.331730769230769,0.725961538461538,0.79274308786488,0.637684440571082,0.779321598479862,0.613799903927879
"MIGHTE-Nsemble",2024-12-07,118.613325668896,147.427884615385,0.221153846153846,0.586538461538462,0.919354420218234,0.744112784398505,0.875881713654136,0.727236223652784
"MIGHTE-Nsemble",2024-12-14,204.970497491639,244.389423076923,0.153846153846154,0.408653846153846,0.960708570641336,0.773716338395889,0.906448307087814,0.776524572548728
"MIGHTE-Nsemble",2024-12-21,226.402045707915,269.769230769231,0.102564102564103,0.33974358974359,1.01526511035996,0.771205961819554,0.941086502744217,0.793050825516618
"MIGHTE-Nsemble",2024-12-28,288.001651337793,326.144230769231,0.0480769230769231,0.153846153846154,1.13106079868504,0.899154017776263,1.01176007116945,0.898655483040985
"MIGHTE-Nsemble",2025-01-04,175.803010033445,246.019230769231,0.153846153846154,0.596153846153846,1.06233070477601,0.980322704013825,1.1196124066507,1.16782420257889
"MOBS-GLEAM_FLUH",2024-11-30,61.6228226193521,83.7613970588235,0.200980392156863,0.588235294117647,0.901160547976861,0.724895705428469,0.892517852443027,0.702954175980794
"MOBS-GLEAM_FLUH",2024-12-07,132.894356061381,159.230411764706,0.137254901960784,0.382352941176471,1.01662029396955,0.822838440742082,0.941593014679594,0.781795689462041
"MOBS-GLEAM_FLUH",2024-12-14,230.173925831202,256.813725490196,0.0784313725490196,0.25,1.07179678147802,0.863182349581918,0.953141645151556,0.816525225754546
"MOBS-GLEAM_FLUH",2024-12-21,215.079792554703,258.071895424837,0.0849673202614379,0.313725490196078,0.963521158545756,0.731900716598363,0.903749584738457,0.76158711462461
"MOBS-GLEAM_FLUH",2024-12-28,212.628184143223,268.176470588235,0.0686274509803922,0.372549019607843,0.799293495794005,0.635410544650787,0.799193235861178,0.709851479497288
"MOBS-GLEAM_FLUH",2025-01-04,83.658832054561,115.43137254902,0.470588235294118,0.745098039215686,0.551908350006841,0.509303066939589,0.552972335520825,0.576783959289638
"NEU_ISI-AdaptiveEnsemble",2024-11-30,55.4098889413989,81.4728260869565,0.266304347826087,0.701086956521739,0.866563056301235,0.697065400173137,0.920205413679834,0.724761119943722
"NEU_ISI-AdaptiveEnsemble",2024-12-07,88.2183086956522,122.12,0.235,0.64,0.723118140142217,0.585281846562031,0.770129415751704,0.639431100460616
"NEU_ISI-AdaptiveEnsemble",2024-12-14,186.21543687291,243.514423076923,0.120192307692308,0.519230769230769,0.856958406609596,0.690160097225871,0.890566040747949,0.762918755223864
"NEU_ISI-AdaptiveEnsemble",2024-12-21,205.284512645638,273.777777777778,0.0915032679738562,0.411764705882353,0.912392841201422,0.693063113738384,0.948646723133106,0.799421800982754
"NEU_ISI-AdaptiveEnsemble",2024-12-28,228.661756521739,296.37,0.05,0.29,1.01272360546548,0.80508006272501,1.0158597057759,0.90229681977934
"NEU_ISI-AdaptiveEnsemble",2025-01-04,205.752762148338,286.352941176471,0.137254901960784,0.470588235294118,1.32430053273266,1.22206943029964,1.36268213402065,1.42136079153654
"NEU_ISI-FluBcast",2024-12-07,98.4116689311594,136.385416666667,0.239583333333333,0.609375,0.747039994056306,0.604643865096474,0.799119435145146,0.663501236757163
"NEU_ISI-FluBcast",2024-12-14,188.070672554348,235.838541666667,0.0729166666666667,0.3125,0.868151291056525,0.699174399622055,0.866292721336439,0.742124597594602
"NEU_ISI-FluBcast",2024-12-21,195.795376811594,227.073333333333,0.08,0.22,0.899699421578781,0.683421059865985,0.809327253855061,0.682017694347171
"NEU_ISI-FluBcast",2024-12-28,216.717660869565,243.48,0.04,0.13,0.856703532890781,0.681049528493445,0.753612287511058,0.669366022199395
"NEU_ISI-FluBcast",2025-01-04,189.18405501331,224.714285714286,0.0816326530612245,0.224489795918367,1.23410767230575,1.13883912506706,1.07098863626714,1.1171066368059
"NIH-Flu_ARIMA",2024-11-30,66.9050767263427,90.5392156862745,0.112745098039216,0.514705882352941,0.984836808556444,0.792205090062127,0.983260643159661,0.774423921375585
"NIH-Flu_ARIMA",2024-12-07,105.98544970162,137.686274509804,0.102941176470588,0.441176470588235,0.870227233781091,0.704349917450273,0.87146757751422,0.723571208563374
"NIH-Flu_ARIMA",2024-12-14,192.109654731458,239.877450980392,0.0588235294117647,0.284313725490196,0.948129501597008,0.763585658251223,0.94015737788577,0.805402029307949
"NIH-Flu_ARIMA",2024-12-21,201.601548735436,255.02614379085,0.065359477124183,0.34640522875817,0.957129595566466,0.727045618728186,0.944200907564703,0.795675325290738
"NIH-Flu_ARIMA",2024-12-28,241.352016197783,292.480392156863,0.0196078431372549,0.137254901960784,1.03739417714206,0.82469230962599,0.985835323216168,0.875628860861931
"NIH-Flu_ARIMA",2025-01-04,117.529991474851,153.274509803922,0.156862745098039,0.627450980392157,0.712086157412205,0.657115740123822,0.683096695854459,0.71251162400649
"OHT_JHU-nbxd",2024-11-30,52.6140407817726,82.166875,0.466346153846154,0.894230769230769,0.742273825556929,0.597086844964715,0.851533620742874,0.670674668356238
"OHT_JHU-nbxd",2024-12-07,94.6707809364548,141.412980769231,0.346153846153846,0.793269230769231,0.727648126793879,0.588948355262622,0.840022351174104,0.697462537382092
"OHT_JHU-nbxd",2024-12-14,169.667118582776,235.884615384615,0.254807692307692,0.625,0.785731783348832,0.632797017692988,0.872302692334315,0.747273142882474
"OHT_JHU-nbxd",2024-12-21,218.059700027871,296.60108974359,0.102564102564103,0.467948717948718,0.963802367036727,0.732114325499662,1.02959731333772,0.867638625047945
"OHT_JHU-nbxd",2024-12-28,256.815814966555,345.187692307692,0.0673076923076923,0.394230769230769,1.01128270342655,0.803934595691732,1.07941936849654,0.958751152216204
"OHT_JHU-nbxd",2025-01-04,280.711564297659,377.200192307692,0.0769230769230769,0.346153846153846,1.68823574169316,1.55791018735393,1.71656551152514,1.79048279365546
"PSI-PROF",2024-11-30,60.2295794523411,92.9323076923077,0.350961538461538,0.841346153846154,0.833059177107193,0.670114799420052,0.944202899631735,0.743661731193967
"PSI-PROF",2024-12-07,95.5267002508361,149.069903846154,0.389423076923077,0.923076923076923,0.729269527653464,0.590260694749677,0.880360560230609,0.730954967199794
"PSI-PROF",2024-12-14,175.656273913043,261.020432692308,0.206730769230769,0.798076923076923,0.81365031872991,0.65528149178694,0.965596859251144,0.827195199683626
"PSI-PROF",2024-12-21,199.260737207358,287.625641025641,0.134615384615385,0.698717948717949,0.885073792391712,0.672311279465445,1.00285111839894,0.845099685307786
"PSI-PROF",2024-12-28,202.07990083612,287.759423076923,0.173076923076923,0.730769230769231,0.751396773316838,0.597334315235243,0.856062497328144,0.76036333017223
"PSI-PROF",2025-01-04,107.25933645485,144.175576923077,0.519230769230769,0.903846153846154,0.63834209865265,0.589064449915314,0.637644601367828,0.665102310136722
"PSI-PROF_beta",2024-12-07,113.662891032609,130.450384615385,0.317307692307692,0.5625,0.879771944940028,0.712075274984389,0.77522157502082,0.643659071680224
"PSI-PROF_beta",2024-12-14,166.110135430602,230.538605769231,0.322115384615385,0.697115384615385,0.761370705403284,0.613177577830154,0.843776443273762,0.722835639734246
"PSI-PROF_beta",2024-12-21,169.543577731327,253.109358974359,0.25,0.743589743589744,0.746124444792912,0.566763906502791,0.874018781726341,0.736533054447064
"PSI-PROF_beta",2024-12-28,203.503194021739,295.576730769231,0.144230769230769,0.769230769230769,0.757001535304352,0.601789906186333,0.880539166486421,0.782103754184261
"PSI-PROF_beta",2025-01-04,106.926250752508,152.557692307692,0.519230769230769,0.923076923076923,0.643231507376502,0.593576414371999,0.681340429776364,0.710679731094279
"SigSci-TSENS",2024-11-30,60.9518879962193,87.5163043478261,0.521739130434783,0.815217391304348,0.96640615798917,0.777379430556211,0.989339960348193,0.779212040059254
"SigSci-TSENS",2024-12-07,135.423434320074,174.148936170213,0.324468085106383,0.622340425531915,1.02557110538818,0.830083104019772,1.0101320224675,0.838702973196324
"SigSci-TSENS",2024-12-14,248.86042826087,290.41,0.155,0.385,1.15819960470946,0.932767734849236,1.07309791662897,0.919287834173775
"SigSci-TSENS",2024-12-21,277.042446376812,318.406666666667,0.1,0.266666666666667,1.22671623058785,0.931826437091632,1.10079448089889,0.927636268563376
"SigSci-TSENS",2024-12-28,279.524201323251,320,0.0543478260869565,0.16304347826087,1.1525210958928,0.916214208067946,1.04549994915612,0.928623582409455
"SigSci-TSENS",2025-01-04,131.95320415879,160.369565217391,0.0869565217391304,0.282608695652174,1.01526506917242,0.936890361379268,0.905558827837826,0.944553230855643
"Stevens-ILIForecast",2024-11-30,133.243252508361,150.870192307692,0.139423076923077,0.370192307692308,1.94133012605849,1.56161060796333,1.60532611025973,1.26436764253981
"Stevens-ILIForecast",2024-12-07,235.242637959866,255.182692307692,0.0817307692307692,0.211538461538462,1.84212839799896,1.4909933115122,1.53255019764802,1.27246179583556
"Stevens-ILIForecast",2024-12-14,369.046486204013,394.879807692308,0.0336538461538462,0.100961538461538,1.74300738686916,1.40374858138834,1.47834240932325,1.26644751664717
"Stevens-ILIForecast",2024-12-21,289.566323857302,353.288461538462,0.314102564102564,0.506410256410256,1.30742814097975,0.993136045635168,1.24143925748671,1.0461572077675
"Stevens-ILIForecast",2024-12-28,378.232140468227,461.519230769231,0.173076923076923,0.326923076923077,1.52745794551858,1.21427597021666,1.46395426778141,1.30029892180108
"Stevens-ILIForecast",2025-01-04,502.319088628763,564.307692307692,0.0576923076923077,0.0961538461538462,3.11689392394675,2.87628124265881,2.62201845968423,2.73492558553182
"UGA_CEID-Walk",2024-12-07,200.308988419732,218.404850961538,0.0432692307692308,0.134615384615385,1.56691953665928,1.26824305589914,1.31113384044245,1.08862190860084
"UGA_CEID-Walk",2024-12-14,313.948851440217,338.300451923077,0.00480769230769231,0.0432692307692308,1.47932179743728,1.19138673204333,1.26380040289274,1.08265640739745
"UGA_CEID-Walk",2024-12-21,361.97658835563,387.930025641026,0.0192307692307692,0.032051282051282,1.62459381174815,1.23405839555653,1.3573298471144,1.14381786649105
"UGA_CEID-Walk",2024-12-28,414.707812061037,453.093673076923,0.0192307692307692,0.0288461538461538,1.6502099170116,1.31185952053175,1.41910882838254,1.26046675095983
"UGA_CEID-Walk",2025-01-04,369.223998319398,419.194115384615,0.0384615384615385,0.134615384615385,2.2166388785775,2.04552255667641,1.89973237770702,1.98153703543331
"UGA_flucast-Copycat",2024-12-07,125.983363294314,176.543269230769,0.173076923076923,0.533653846153846,0.975551660666123,0.789598055525243,1.05566224219422,0.876506279898553
"UGA_flucast-Copycat",2024-12-14,211.839642558528,287.355769230769,0.0432692307692308,0.399038461538462,0.988852673673695,0.796382475673187,1.06944985440159,0.916162658761572
"UGA_flucast-Copycat",2024-12-21,215.197720178372,306.916666666667,0.0897435897435897,0.480769230769231,0.953287202647581,0.724126897010617,1.06606784208408,0.898372232261511
"UGA_flucast-Copycat",2025-01-04,120.597165551839,166.961538461538,0.288461538461538,0.692307692307692,0.713401155748473,0.658329225452814,0.731738073204121,0.763247554921759
"UGA_flucast-INFLAenza",2024-11-30,58.2844105351171,86.4182692307692,0.403846153846154,0.875,0.81787705928734,0.657902267444891,0.892050776031629,0.702586302875516
"UGA_flucast-INFLAenza",2024-12-07,117.926310618729,164.259615384615,0.211538461538462,0.634615384615385,0.918010075051079,0.743024689966668,0.98466403222044,0.817557144070575
"UGA_flucast-INFLAenza",2024-12-14,194.689140886288,263.490384615385,0.149038461538462,0.533653846153846,0.909359357864934,0.732361731907527,0.98124492663404,0.840600386433608
"UGA_flucast-INFLAenza",2024-12-21,204.979743589744,290.032051282051,0.121794871794872,0.557692307692308,0.912851164344621,0.69341126077591,1.01192202094804,0.852743708183225
"UGA_flucast-INFLAenza",2024-12-28,241.131580267559,331.480769230769,0.0673076923076923,0.403846153846154,0.916730517222576,0.728768894419375,1.0125938430783,0.899396047646014
"UGA_flucast-INFLAenza",2025-01-04,141.093863503344,214.971153846154,0.211538461538462,0.769230769230769,0.841461195425497,0.776503503771136,0.960448720310741,1.0018067451308
"UGA_flucast-Scenariocast",2024-12-07,95.4965321906354,135.841346153846,0.346153846153846,0.658653846153846,0.727817552597448,0.589085486170648,0.800526558349902,0.664669557718416
"UGA_flucast-Scenariocast",2024-12-14,142.862364130435,202.115384615385,0.230769230769231,0.625,0.656876010158806,0.529021720937591,0.741857141100705,0.635524712088891
"UGA_flucast-Scenariocast",2024-12-21,131.260200668896,201.865384615385,0.275641025641026,0.762820512820513,0.5799875366294,0.440564579108844,0.693570372330703,0.584469711048687
"UGA_flucast-Scenariocast",2024-12-28,174.87387541806,259.836538461538,0.211538461538462,0.75,0.664124894718533,0.527956205436215,0.782091664276489,0.694661691413009
"UGA_flucast-Scenariocast",2025-01-04,117.134573578595,141.365384615385,0.692307692307692,0.903846153846154,0.707257970687217,0.652660271554153,0.640473951145319,0.668053494964692
"UGuelph-CompositeCurve",2024-12-07,145.180259197324,201.865384615385,0.221153846153846,0.456730769230769,1.1240820014293,0.909816464228508,1.21016626642348,1.00478949596306
"UGuelph-CompositeCurve",2024-12-21,174.912355072464,277.391025641026,0.243589743589744,0.641025641025641,0.781637411442811,0.593739926187533,0.972360324462247,0.819405183015339
"UGuelph-CompositeCurve",2024-12-28,64.9972826086956,125.5,0.25,0.75,0.750461842153804,0.596591077460083,1.02498942090752,0.910405924690106
"UGuelph-CompositeCurve",2025-01-04,275.48877090301,372.711538461538,0.192307692307692,0.211538461538462,1.65725677990811,1.52932268682502,1.69801896806058,1.77113761473155
"UI_CompEpi-EpiGen",2024-12-07,174.930727424749,192.302884615385,0.0576923076923077,0.384615384615385,1.36840581305335,1.10756878668895,1.15447292671228,0.958547847778388
"UI_CompEpi-EpiGen",2024-12-14,299.042610785953,309.586538461538,0.0240384615384615,0.120192307692308,1.40906597586856,1.13480549744598,1.15639241723448,0.990643504400745
"UI_CompEpi-EpiGen",2024-12-21,339.459584726867,350.717948717949,0.00641025641025641,0.0705128205128205,1.5183176247266,1.15332989598126,1.22194872927738,1.0297325970212
"UI_CompEpi-EpiGen",2024-12-28,393.312491638796,403.971153846154,0,0.0192307692307692,1.56600270982421,1.24491771797234,1.26577313494003,1.12427244404402
"UI_CompEpi-EpiGen",2025-01-04,383.784088628763,394.076923076923,0,0.0384615384615385,2.34893132650168,2.16760251698122,1.80564689907621,1.88340012805038
"UM-DeepOutbreak",2024-11-30,124.224015623443,139.835755443666,0.0576923076923077,0.331730769230769,1.80183050707873,1.44939677998965,1.47960473732438,1.16534848693072
"UM-DeepOutbreak",2024-12-07,216.12581842833,233.164122578398,0.0288461538461538,0.197115384615385,1.68910856753186,1.36714117177916,1.3982081065093,1.16091884030365
"UM-DeepOutbreak",2024-12-14,281.892912940188,311.376702526691,0.0336538461538462,0.153846153846154,1.32656543241091,1.06836285255824,1.16202278015871,0.995466851886581
"UM-DeepOutbreak",2024-12-21,334.442212032316,367.305272431617,0.00641025641025641,0.0448717948717949,1.50070884023497,1.13995407971242,1.2847749006822,1.082676026718
"UM-DeepOutbreak",2024-12-28,300.241412390503,333.871610619322,0.0384615384615385,0.0769230769230769,1.13812909597236,0.904773068416264,1.00412111782338,0.89187048775924
"UM-DeepOutbreak",2025-01-04,164.307630428867,196.383619891918,0.0576923076923077,0.288461538461538,0.968218413296816,0.893475533307909,0.871785673341096,0.909325765543155
"UMass-AR2",2024-11-30,82.3613949808955,113.038042608913,0.1875,0.663461538461538,1.1686644982721,0.940076524417395,1.17600023366987,0.926227159434208
"UMass-AR2",2024-12-07,155.207103901795,194.883072237564,0.100961538461538,0.442307692307692,1.20775465850481,0.977539958525407,1.16528798953855,0.967527491177418
"UMass-AR2",2024-12-14,251.10849990914,303.158171475985,0.0384615384615385,0.274038461538462,1.17796874665592,0.948689012734617,1.12927303360446,0.967411216782775
"UMass-AR2",2024-12-21,268.330759408959,326.349773433665,0.0705128205128205,0.211538461538462,1.20036740631835,0.911811595493884,1.13884180275173,0.959698634686049
"UMass-AR2",2024-12-28,282.635508743636,333.98748416222,0.0673076923076923,0.153846153846154,1.03612687394476,0.823684847637286,0.980069213460744,0.870507344115833
"UMass-AR2",2025-01-04,110.260247745514,148.813383104106,0.211538461538462,0.653846153846154,0.63816595575119,0.588901904594279,0.62727458379684,0.654285747700801
"UMass-flusion",2024-11-30,68.3045206468212,94.2196886126653,0.259803921568627,0.715686274509804,1.05881566806242,0.851713862021544,1.06501688090852,0.838815786009696
"UMass-flusion",2024-12-07,142.752293199924,177.459398909105,0.147058823529412,0.534313725490196,1.12059431125448,0.906993575916851,1.06863125909178,0.887274330796338
"UMass-flusion",2024-12-14,234.48020080616,279.285161910821,0.0392156862745098,0.338235294117647,1.10767088557382,0.892073921191097,1.046717231127,0.896688365044894
"UMass-flusion",2024-12-21,240.282346006438,293.823866167489,0.0641025641025641,0.314102564102564,1.07570558640511,0.817117177506566,1.02618255132231,0.864761015149845
"UMass-flusion",2024-12-28,254.448297496576,314.491513846132,0.0480769230769231,0.240384615384615,0.963485217291692,0.765937255718737,0.953492433896998,0.84690158089479
"UMass-flusion",2025-01-04,115.475209921476,170.520013336357,0.403846153846154,0.769230769230769,0.684353498171457,0.631523939591128,0.766798627952187,0.79981785741878
"UMass-trends_ensemble",2024-11-30,94.3182619147157,112.245192307692,0.120192307692308,0.341346153846154,1.3363672359768,1.07497700871362,1.16633394479366,0.918613913253002
"UMass-trends_ensemble",2024-12-07,169.255278010033,187.536057692308,0.110576923076923,0.206730769230769,1.32016531572598,1.06852359367348,1.12368890735095,0.932988170438181
"UMass-trends_ensemble",2024-12-14,268.864359322742,294.048076923077,0.0240384615384615,0.0865384615384615,1.26060385317617,1.0152400293422,1.09359742403804,0.93684909067767
"UMass-trends_ensemble",2024-12-21,276.651624860647,312.676282051282,0.0448717948717949,0.102564102564103,1.23618245519461,0.939017079986929,1.08932016022785,0.917966892311699
"UMass-trends_ensemble",2024-12-28,289.176118311037,338.668269230769,0.0384615384615385,0.134615384615385,1.08486899503925,0.86243313956642,1.02253539246897,0.908226231920361
"UMass-trends_ensemble",2025-01-04,122.685756688963,185.682692307692,0.25,0.519230769230769,0.720772930571001,0.66513192652783,0.770446846365994,0.803623172306888
"UNC_IDD-InfluPaint",2024-12-14,157.652328991806,201.021941839599,0.112745098039216,0.426470588235294,0.736950193828819,0.593510272494743,0.747106511315708,0.640021675600745
"UNC_IDD-InfluPaint",2024-12-21,175.226291154314,213.393157447577,0.0849673202614379,0.333333333333333,0.784952145908449,0.596257833043252,0.746174392923418,0.628798964347822
"UNC_IDD-InfluPaint",2024-12-28,198.804614094567,235.159631012871,0.0686274509803922,0.352941176470588,0.744090739361576,0.591526272208272,0.695168709668172,0.617455847866922
"UVAFluX-CESGCN",2025-01-04,228.941337902268,259.867799502153,0.0769230769230769,0.211538461538462,1.36847187150465,1.26283090511176,1.1685920556643,1.21891297152439
"UVAFluX-Ensemble",2024-11-30,82.0915071070234,95.8701923076923,0.173076923076923,0.408653846153846,1.15461553917145,0.92877550803284,0.985136260313384,0.775901172398791
"UVAFluX-Ensemble",2024-12-07,150.002769648829,162.576923076923,0.0913461538461538,0.216346153846154,1.16388436782638,0.942031950480641,0.968649487740627,0.804260420700897
"UVAFluX-Ensemble",2024-12-14,228.747725752508,259.850961538462,0.0480769230769231,0.1875,1.06092289437473,0.854424954914275,0.959693469533732,0.822137959087491
"UVAFluX-Ensemble",2024-12-21,228.640585284281,269.551282051282,0.0448717948717949,0.211538461538462,1.01251624601877,0.769117895809475,0.935133193711357,0.788033989519822
"UVAFluX-Ensemble",2024-12-28,232.953060200669,286.528846153846,0.0673076923076923,0.153846153846154,0.856848772959792,0.681164989299571,0.83942567362708,0.745586335837925
"UVAFluX-Ensemble",2025-01-04,100.222491638796,123.538461538462,0.519230769230769,0.673076923076923,0.585414409379902,0.540222582470652,0.513465045046013,0.535575439519105
"VTSanghani-PRIME",2024-11-30,71.3052821906355,86.0384615384615,0.259615384615385,0.639423076923077,1.02440262532472,0.82403192793412,0.908215462693326,0.715317738959576
"VTSanghani-PRIME",2024-12-07,132.408216973244,154.456730769231,0.350961538461538,0.586538461538462,1.02929398885101,0.833096354534043,0.922849688348434,0.766233284576457
"VTSanghani-PRIME",2024-12-14,256.549009518909,285.976331360947,0.331360946745562,0.396449704142012,1.20367592339273,0.9693925468376,1.05905433660062,0.907257159182939
"VTSanghani-PRIME",2024-12-21,335.177936454849,362.453846153846,0.169230769230769,0.246153846153846,1.52273672943392,1.15668669398546,1.27819698415014,1.07713283582034
"VTSanghani-PRIME",2024-12-28,297.632738205365,337.425531914894,0.148936170212766,0.223404255319149,1.29955639629878,1.03310216074802,1.15049042571346,1.02187718087998
"VTSanghani-PRIME",2025-01-04,346.128361204013,397.576923076923,0.0192307692307692,0.0961538461538462,2.12906791107974,1.96471174393743,1.8336766873253,1.91263691116925
"fjordhest-ensemble",2024-11-30,76.8514826505017,111.855336538462,0.307692307692308,0.75,1.09190594293827,0.87833175846941,1.16294926001264,0.915948108535837
"fjordhest-ensemble",2024-12-07,143.105127259165,187.965490196078,0.156862745098039,0.544117647058823,1.12681774269514,0.912030735467051,1.13920440024422,0.945870536040654
"fjordhest-ensemble",2024-12-14,240.066425271739,300.947451923077,0.0528846153846154,0.3125,1.12566809688863,0.906568156868141,1.12352216844605,0.962484638980153
"fjordhest-ensemble",2024-12-21,221.851575947603,304.555576923077,0.0641025641025641,0.314102564102564,0.98627614988852,0.74918564523978,1.06041923065369,0.893612164037353
"fjordhest-ensemble",2024-12-28,208.56057178442,279.375520833333,0.0416666666666667,0.21875,0.870987990021058,0.692405175365278,0.907248207723453,0.805826993555313
"fjordhest-ensemble",2025-01-04,175.881811141304,249.306041666667,0.0833333333333333,0.375,1.10339699827339,1.01821883156073,1.15395545960304,1.20364610682892
